Spy Hunter JAMMA Adapter,,,,,,,,,,,,,,
Index,Component,Manufacturer Part Number,Manufacturer Name,Description,Requested Quantity,Pack Quantity 1,Pack Type 1,Digi-Key Part Number,Unit Price,Extended Price,Link,Notes,,
,,,,,,,,,,,,,,
1,U1,SN74LS86AN,Texas Instruments,IC GATE XOR 4CH 2-INP 14DIP,1,1,Tube,296-1669-5-ND,0.75,$0.75,https://www.digikey.com/en/products/detail/texas-instruments/SN74LS86AN/277315,,,
2,U2,SN74LS74AN,Texas Instruments,IC FF D-TYPE DOUBLE 1BIT 14PDIP,1,1,Tube,296-1668-5-ND,0.75,$0.75,https://www.digikey.com/en/products/detail/texas-instruments/SN74LS74AN/277314,,,
3,U3 U4,SN74LS00N,Texas Instruments,IC GATE NAND 4CH 2-INP 14DIP,2,1,Tube,296-1626-ND,0.76,$1.52,https://www.digikey.com/en/products/detail/texas-instruments/SN74LS00N/277272,,,
4,U5 U6,SN74LS191N,Texas Instruments,IC BINARY COUNTER 4-BIT 16DIP,2,1,Tube,296-14886-5-ND,1.58,$3.16,https://www.digikey.com/en/products/detail/texas-instruments/SN74LS191N/563041,,,
5,U7 U10,NE555P,Texas Instruments,IC OSC SINGLE TIMER 100KHZ 8-DIP,2,2,Tube,296-NE555P-ND,0.51,$1.02,https://www.digikey.com/en/products/detail/texas-instruments/NE555P/277057,,,
6,U8 U9,SN74LS157N,Texas Instruments,IC MULTIPLEXER 4 X 2:1 16-PDIP,2,1,Tube,296-1645-5-ND,1.02,$2.04,https://www.digikey.com/en/products/detail/texas-instruments/SN74LS157N/277291,,,
7,U11,LM386N-1/NOPB,Texas Instruments,IC AMP CLASS AB MONO 325MW 8DIP,1,1,Tube,296-44414-5-ND,1.05,$1.05,https://www.digikey.com/en/products/detail/texas-instruments/LM386N-1-NOPB/6284,,,
8,U12,CD4099BE,Texas Instruments,IC D-TYPE ADDR 1:8 16-PDIP,1,1,Tube,296-2070-5-ND,1.22,$1.22,https://www.digikey.com/en/products/detail/texas-instruments/CD4099BE/67333,,,
9,SW1,DS04-254-2L-01BK,Same Sky (Formerly CUI Devices),SWITCH SLIDE DIP SPST 0.025A 24V,1,1,Tube,2223-DS04-254-2L-01BK-ND,0.65,$0.65,https://www.digikey.com/en/products/detail/same-sky-formerly-cui-devices/DS04-254-2L-01BK/11310830,,,
10,SW2,DS04-254-2L-02BK,Same Sky (Formerly CUI Devices),SWITCH SLIDE DIP SPST 0.025A 24V,1,1,Tube,2223-DS04-254-2L-02BK-ND,$0.62,$0.62,https://www.digikey.com/en/products/detail/same-sky-formerly-cui-devices-/DS04-254-2L-02BK/11310854,,,
11,"MCR J2-J5, CSD J1, CSD J3, EXT, REMOTE",22284361,Molex,CONN HEADER VERT 36POS 2.54MM,3,1,Bag,WM50017-36-ND,3.69,$4.92,https://www.digikey.com/en/products/detail/molex/0022284361/313891,,,
12,MCR J1,26605120,Molex,CONN HEADER R/A 12POS 3.96MM,1,1,Bulk,23-0026605120-ND,0.94,$0.94,https://www.digikey.com/en/products/detail/molex/0026605120/190695,,,
13,CSD J2,26605050,Molex,CONN HEADER R/A 5POS 3.96MM,1,1,Bulk,WM4643-ND,0.38,$0.38,https://www.digikey.com/en/products/detail/molex/0026605050/190074,,,
14,P1 P2 P4,PT6KV-102A2020,Amphenol Piher Sensing Systems,TRIMMER 1K OHM 0.1W PC PIN TOP,3,1,Bulk,1993-1043-ND,0.69,$2.07,https://www.digikey.com/en/products/detail/amphenol-piher-sensing-systems/PT6KV-102A2020/9555881,,,
15,P3,PT6KV-103A2020,Amphenol Piher Sensing Systems,TRIMMER 10K OHM 0.1W PC PIN TOP,1,1,Bulk,1993-PT6KV-103A2020-ND,0.5,$0.50,https://www.digikey.com/en/products/detail/amphenol-piher-sensing-systems/PT6KV-103A2020/13244440,,,
16,"R1, R2, R5-R8, R16",CFM14JT470R,Stackpole Electronics Inc,RES 470 OHM 5% 1/4W AXIAL,7,1,Cut Tape (CT),S470QCT-ND,0.1,$0.70,https://www.digikey.com/en/products/detail/stackpole-electronics-inc/CFM14JT470R/1742224,510 R acceptable,,
17,R9,CFM14JT22R0,Stackpole Electronics Inc,RES 22 OHM 5% 1/4W AXIAL,1,1,Cut Tape (CT),S22QCT-ND,0.1,$0.10,https://www.digikey.com/en/products/detail/stackpole-electronics-inc/CFM14JT22R0/1742137,,,
18,R12,CFM14JT10R0,Stackpole Electronics Inc,RES 10 OHM 5% 1/4W AXIAL,1,1,Cut Tape (CT),S10QCT-ND,0.1,$0.10,https://www.digikey.com/en/products/detail/stackpole-electronics-inc/CFM14JT10R0/1742055,,,
19,"R4, R14-R18",CFM14JT4K70,Stackpole Electronics Inc,RES 4.7K OHM 5% 1/4W AXIAL,8,1,Cut Tape (CT),S4.7KQCT-ND,0.1,$0.80,https://www.digikey.com/en/products/detail/stackpole-electronics-inc/CFM14JT4K70/1742213,,,
20,R11,CFM14JT470K,Stackpole Electronics Inc,RES 470K OHM 5% 1/4W AXIAL,1,1,Cut Tape (CT),S470KQCT-ND,0.1,$0.10,https://www.digikey.com/en/products/detail/stackpole-electronics-inc/CFM14JT470K/1742226,,,
21,R3,CFM14JT100R,Stackpole Electronics Inc,RES 100 OHM 5% 1/4W AXIAL,1,1,Cut Tape (CT),S100QCT-ND,0.1,$0.10,https://www.digikey.com/en/products/detail/stackpole-electronics-inc/CFM14JT100R/1742057,,,
22,"R10, R19-R23",CFM14JT220R,Stackpole Electronics Inc,RES 220 OHM 5% 1/4W AXIAL,6,1,Cut Tape (CT),S220QCT-ND,0.1,$0.60,https://www.digikey.com/en/products/detail/stackpole-electronics-inc/CFM14JT200R/1742132,,,
23,"D1, D5-9",LTL-307EE,Lite-On Inc.,LED RED CLEAR T-1 3/4 T/H,6,1,Bulk,160-1701-ND,0.19,$1.14,https://www.digikey.com/en/products/detail/liteon/LTL-307EE/140833,,,
24,D2 / D3,1N5817RLG,onsemi,DIODE SCHOTTKY 20V 1A AXIAL,2,1,Cut Tape (CT),1N5817RLGOSCT-ND,0.41,$0.82,https://www.digikey.com/en/products/detail/onsemi/1N5817RLG/807250,,,
25,"D4, D10",1N4148TR,onsemi,DIODE STANDARD 100V 200MA DO35,2,1,Cut Tape (CT),1N4148FSCT-ND,0.1,$0.20,https://www.digikey.com/en/products/detail/onsemi/1N4148TR/458811,,,
26,C1 C4 C5 C9 C11,ESK106M010AC3AA,KEMET,CAP ALUM 10UF 20% 10V RADIAL TH,5,1,Bulk,399-ESK106M010AC3AA-ND,0.21,$0.84,https://www.digikey.com/en/products/detail/kemet/ESK106M010AC3AA/13176733,,,
27,"C2 C3 C7 C8 C10, C12-C19",C410C104K3R5TA7200,KEMET,CAP CER 0.1UF 25V X7R AXIAL,20,10,Cut Tape (CT),399-C410C104K3R5TA7200CT-ND,0.23,$4.58,https://www.digikey.com/en/products/detail/kemet/C410C104K3R5TA7200/14681403,,,
28,C6,ESY108M010AH2EA,KEMET,CAP ALUM 1000UF 20% 10V RADIAL,1,1,Bulk,399-6662-1-ND,0.65,$0.65,https://www.digikey.com/en/products/detail/kemet/ESY108M010AH2EA/3083077,,,
29,CR2450,1053,Keystone,BATT HOLDER COIN 24.5MM PC PIN,1,1,Bulk,36-1053-ND,1.42,$1.42,https://www.digikey.com/en/products/detail/keystone-electronics/1053/2745672,,,