RoadBlasters JAMMA Adapter,,,,,,,,,,,,,,,
Index,Component,Manufacturer Part Number,Manufacturer Name,Description,Availability,Stock Status,Attrition %,Requested Quantity,Pack Quantity 1,Pack Type 1,Digi-Key Part Number,Unit Price,Extended Price,Link,Notes
,,,,,,,,,,,,,,,
1,U1,SN74LS86AN,Texas Instruments,IC GATE XOR 4CH 2-INP 14DIP,"5,091",In Stock,,1,1,Tube,296-1669-5-ND,0.75,$0.75,https://www.digikey.com/en/products/detail/texas-instruments/SN74LS86AN/277315,
2,U2,NE555P,Texas Instruments,IC OSC SINGLE TIMER 100KHZ 8-DIP,"29,812",In Stock,,1,2,Tube,296-NE555P-ND,0.51,$0.51,https://www.digikey.com/en/products/detail/texas-instruments/NE555P/277057,
3,U3,MC34063AP,Texas Instruments,IC REG BUCK BOOST ADJ 1.5A 8PDIP,"1,461",In Stock,,1,1,Tube,296-17766-5-ND,1.36,$1.36,https://www.digikey.com/en/products/detail/texas-instruments/MC34063AP/717432,
4,U4,LM386N-1/NOPB,Texas Instruments,IC AMP CLASS AB MONO 325MW 8DIP,"2,629",In Stock,,1,1,Tube,296-44414-5-ND,1.05,$1.05,https://www.digikey.com/en/products/detail/texas-instruments/LM386N-1-NOPB/6284,
5,SW1,DS04-254-2L-01BK,Same Sky (Formerly CUI Devices),SWITCH SLIDE DIP SPST 0.025A 24V,"1,090",In Stock,,1,1,Tube,2223-DS04-254-2L-01BK-ND,0.65,$0.65,https://www.digikey.com/en/products/detail/same-sky-formerly-cui-devices/DS04-254-2L-01BK/11310830,
6,J101-J108,22284361,Molex,CONN HEADER VERT 36POS 2.54MM,"4,848",In Stock,,1,1,Bag,WM50017-36-ND,1.23,$1.23,https://www.digikey.com/en/products/detail/molex/0022284361/313891,
7,P1,PT6KV-103A2020,Amphenol Piher Sensing Systems,TRIMMER 10K OHM 0.1W PC PIN TOP,"35,298",In Stock,,1,1,Bulk,1993-PT6KV-103A2020-ND,0.5,$0.50,https://www.digikey.com/en/products/detail/amphenol-piher-sensing-systems/PT6KV-103A2020/13244440,
,,,,,,,,,,,,,,,
11,R1 / R2 / R7,CFM14JT470R,Stackpole Electronics Inc,RES 470 OHM 5% 1/4W AXIAL,"19,913",In Stock,,2,2,Cut Tape (CT),S470QCT-ND,0.1,$0.20,https://www.digikey.com/en/products/detail/stackpole-electronics-inc/CFM14JT470R/1742224,510 R acceptable
12,R3,CFM14JT22R0,Stackpole Electronics Inc,RES 22 OHM 5% 1/4W AXIAL,"9,788",In Stock,,1,1,Cut Tape (CT),S22QCT-ND,0.1,$0.10,https://www.digikey.com/en/products/detail/stackpole-electronics-inc/CFM14JT22R0/1742137,
13,R4,CFM14JT10R0,Stackpole Electronics Inc,RES 10 OHM 5% 1/4W AXIAL,"8,568",In Stock,,1,1,Cut Tape (CT),S10QCT-ND,0.1,$0.10,https://www.digikey.com/en/products/detail/stackpole-electronics-inc/CFM14JT10R0/1742055,
14,R5,CFM14JT1K00,Stackpole Electronics Inc,RES 1K OHM 5% 1/4W AXIAL,"71,100",In Stock,,1,1,Cut Tape (CT),S1KQCT-ND,0.1,$0.10,https://www.digikey.com/en/products/detail/stackpole-electronics-inc/CFM14JT1K00/1742111,
15,R6,CFM14JT33K0,Stackpole Electronics Inc,RES 33K OHM 5% 1/4W AXIAL,"71,279",In Stock,,1,1,Cut Tape (CT),S33KQCT-N,0.1,$0.10,https://www.digikey.com/en/products/detail/stackpole-electronics-inc/cfm14jt33k0/1742191,
16,R9 / R11,CFM14JT5K10,Stackpole Electronics Inc,RES 5.1K OHM 5% 1/4W AXIAL,"12,325",In Stock,,2,2,Cut Tape (CT),S5.1KQCT-NDÊ,0.1,$0.20,https://www.digikey.com/en/products/detail/stackpole-electronics-inc/CFM14JT5K10/1742231,
17,R8,CFM14JT1R00,Stackpole Electronics Inc,RES 1 OHM 5% 1/4W AXIAL,"12,296",In Stock,,1,1,Cut Tape (CT),S1QCT-ND,0.1,$0.10,https://www.digikey.com/en/products/detail/stackpole-electronics-inc/cfm14jt1r00/1742027,
18,R10,CFM14JT47K0,Stackpole Electronics Inc,RES 47K OHM 5% 1/4W AXIAL,"29,606",In Stock,,1,1,Cut Tape (CT),S47KQCT-NDÊ,0.1,$0.10,https://www.digikey.com/en/products/detail/stackpole-electronics-inc/cfm14jt47k0/1742228,
19,C1 / C2,ESK106M010AC3AA,KEMET,CAP ALUM 10UF 20% 10V RADIAL TH,"34,846",In Stock,,2,2,Bulk,399-ESK106M010AC3AA-ND,0.21,$0.42,https://www.digikey.com/en/products/detail/kemet/ESK106M010AC3AA/13176733,
20,C3,ESY108M010AH2EA,KEMET,CAP ALUM 1000UF 20% 10V RADIAL,"1,824",In Stock,,1,1,Bulk,399-6662-1-ND,0.65,$0.65,https://www.digikey.com/en/products/detail/kemet/ESY108M010AH2EA/3083077,
21,C4 / C5,C410C104K3R5TA7200,KEMET,CAP CER 0.1UF 25V X7R AXIAL,"2,529",In Stock,,10,10,Cut Tape (CT),399-C410C104K3R5TA7200CT-ND,0.23,$2.29,https://www.digikey.com/en/products/detail/kemet/C410C104K3R5TA7200/14681403,
22,C6 / C9,ESK107M016AC3AA,KEMET,CAP ALUM 100UF 20% 16V RADIAL TH,"6,676",In Stock,,2,2,Bulk,399-6601-ND,0.17,$0.34,https://www.digikey.com/en/products/detail/kemet/ESK107M016AC3AA/3083016,
23,C7,C330C224J3H5TA91707301,KEMET,CAP CER 0.22UF 25V X8R RADIAL,"1,372",In Stock,,1,1,Cut Tape (CT),399-14397-1-ND,1.1,$1.10,https://www.digikey.com/en/products/detail/kemet/C330C224J3H5TA91707301/6919003,
24,C8,C430C103K3G5TA,KEMET,CAP CER 10000PF 25V C0G AXIAL,"1,916",In Stock,,1,1,Bulk,C430C103K3G5TA-ND,0.36,$0.36,https://www.digikey.com/en/products/detail/kemet/C430C103K3G5TA/6687833,
25,C10,C322C152K5R5TA,KEMET,CAP CER 1500PF 50V X7R RADIAL,"1,297",In Stock,,1,1,Bulk,399-9800-ND,0.31,$0.31,https://www.digikey.com/en/products/detail/kemet/C322C152K5R5TA/3726139,
26,L1,SBC1-221-391,KEMET,FIXED IND 220UH 390MA 1.2 OHM TH,"1,623",In Stock,,1,1,Bulk,399-20737-ND,0.69,$0.69,https://www.digikey.com/en/products/detail/kemet/SBC1-221-391/10062547,
27,D1,1N5819G,onsemi,DIODE SCHOTTKY 40V 1A AXIAL,"9,339",In Stock,,1,1,Bulk,1N5819GOS-ND,0.23,$0.23,https://www.digikey.com/en/products/detail/onsemi/1N5819G/1474211,
28,U4S,1-2199298-2,TE Connectivity ,CONN IC DIP SOCKET 8POS TIN,"27,753",In Stock,,1,1,Bulk,A120347-ND,0.22,$0.22,https://www.digikey.com/en/products/detail/te-connectivity-amp-connectors/1-2199298-2/5022039,